{"py/object": "rasa_core.featurizers.MaxHistoryTrackerFeaturizer", "max_history": 5, "remove_duplicates": true, "state_featurizer": {"py/object": "rasa_core.featurizers.BinarySingleStateFeaturizer", "input_state_map": {"entity_budget": 10, "entity_cuisine": 9, "entity_emailid": 11, "entity_location": 8, "intent_affirm": 1, "intent_deny": 2, "intent_dont_send_email": 7, "intent_goodbye": 3, "intent_greet": 0, "intent_restaurant_search": 5, "intent_send_mail": 6, "intent_thankyou": 4, "prev_action_default_fallback": 18, "prev_action_listen": 16, "prev_action_restart": 17, "prev_action_restaurant": 28, "prev_action_send_email": 29, "prev_utter_ask_budget": 25, "prev_utter_ask_cuisine": 24, "prev_utter_ask_email": 26, "prev_utter_ask_emailid": 27, "prev_utter_ask_howcanhelp": 22, "prev_utter_ask_location": 23, "prev_utter_default": 21, "prev_utter_goodbye": 20, "prev_utter_greet": 19, "slot_budget_0": 12, "slot_cuisine_0": 13, "slot_emailid_0": 14, "slot_location_0": 15}, "num_features": 30, "slot_feature_len": 4, "user_feature_len": 12}, "use_intent_probabilities": false}