{
  "rasa_nlu_data": {
    "regex_features": [
      {
        "name": "zipcode",
        "pattern": "[0-9]{5}"
      },
      {
        "name": "greet",
        "pattern": "hey[^\\s]*"
      },
      {
        "name": "emailid",
        "pattern": "[A-z0-9._%+-]+@[A-z0-9.-]+\\.[A-z.]{2,4}"
      }
    ],
    "entity_synonyms": [
      {
        "value": "chinese",
        "synonyms": [
          "Chinese",
          "Chines",
          "chines"
        ]
      },
      {
        "value": "vegetarian",
        "synonyms": [
          "veggie",
          "vegg"
        ]
      },
      {
        "value": "bangalore",
        "synonyms": [
          "bengluru",
          "bengaluru"
        ]
      },
      {
        "value": "mumbai",
        "synonyms": [
          "bombay"
        ]
      }
    ],
    "common_examples": [
      {
        "text": "hey",
        "intent": "greet",
        "entities": []
      },
      {
        "text": "howdy",
        "intent": "greet",
        "entities": []
      },
      {
        "text": "hey there",
        "intent": "greet",
        "entities": []
      },
      {
        "text": "hello",
        "intent": "greet",
        "entities": []
      },
      {
        "text": "hi",
        "intent": "greet",
        "entities": []
      },
      {
        "text": "good morning",
        "intent": "greet",
        "entities": []
      },
      {
        "text": "good evening",
        "intent": "greet",
        "entities": []
      },
      {
        "text": "dear sir",
        "intent": "greet",
        "entities": []
      },
      {
        "text": "yes",
        "intent": "affirm",
        "entities": []
      },
      {
        "text": "yep",
        "intent": "affirm",
        "entities": []
      },
      {
        "text": "yeah",
        "intent": "affirm",
        "entities": []
      },
      {
        "text": "indeed",
        "intent": "affirm",
        "entities": []
      },
      {
        "text": "that's right",
        "intent": "affirm",
        "entities": []
      },
      {
        "text": "ok",
        "intent": "affirm",
        "entities": []
      },
      {
        "text": "great",
        "intent": "affirm",
        "entities": []
      },
      {
        "text": "right, thank you",
        "intent": "affirm",
        "entities": []
      },
      {
        "text": "correct",
        "intent": "affirm",
        "entities": []
      },
      {
        "text": "great choice",
        "intent": "affirm",
        "entities": []
      },
      {
        "text": "sounds really good",
        "intent": "affirm",
        "entities": []
      },
      {
        "text": "i'm looking for a place to eat",
        "intent": "restaurant_search",
        "entities": []
      },
      {
        "text": "I want to grab lunch",
        "intent": "restaurant_search",
        "entities": []
      },
      {
        "text": "I am searching for a dinner spot",
        "intent": "restaurant_search",
        "entities": []
      },
      {
        "text": "i'm looking for a place in the north of town",
        "intent": "restaurant_search",
        "entities": [
          {
            "start": 31,
            "end": 36,
            "value": "north",
            "entity": "location"
          }
        ]
      },
      {
        "text": "show me chinese restaurants",
        "intent": "restaurant_search",
        "entities": [
          {
            "start": 8,
            "end": 15,
            "value": "chinese",
            "entity": "cuisine"
          }
        ]
      },
      {
        "text": "show me chines restaurants in the north",
        "intent": "restaurant_search",
        "entities": [
          {
            "start": 8,
            "end": 14,
            "value": "chinese",
            "entity": "cuisine"
          },
          {
            "start": 34,
            "end": 39,
            "value": "north",
            "entity": "location"
          }
        ]
      },
      {
        "text": "rahul.dravid@yahoo.com",
        "intent": "send_mail",
        "entities": [
          {
            "start": 0,
            "end": 22,
            "value": "rahul.dravid@yahoo.com",
            "entity": "emailid"
          }
        ]
      },
      {
        "text": "imtiazali1212@live.com",
        "intent": "send_mail",
        "entities": [
          {
            "start": 0,
            "end": 22,
            "value": "imtiazali1212@live.com",
            "entity": "emailid"
          }
        ]
      },
      {
        "text": "my email is yoyo123.yesyes456@gmail.com",
        "intent": "send_mail",
        "entities": [
          {
            "start": 22,
            "end": 39,
            "value": "yoyo123.yesyes456@gmail.com",
            "entity": "emailid"
          }
        ]
      },
      {
        "text": "email : plswork@gmail.com",
        "intent": "send_mail",
        "entities": [
          {
            "start": 8,
            "end": 25,
            "value": "plswork@gmail.com",
            "entity": "emailid"
          }
        ]
      },
      {
        "text": "imtiazali1212@live.co.in",
        "intent": "send_mail",
        "entities": [
          {
            "start": 0,
            "end": 24,
            "value": "imtiazali1212@live.co.in",
            "entity": "emailid"
          }
        ]
      },
      {
        "text": "my email is yoyo123.yesyes456@g.co.in",
        "intent": "send_mail",
        "entities": [
          {
            "start": 22,
            "end": 37,
            "value": "yoyo123.yesyes456@g.com",
            "entity": "emailid"
          }
        ]
      },
      {
        "text": "email : p.b@g.co.in",
        "intent": "send_mail",
        "entities": [
          {
            "start": 8,
            "end": 19,
            "value": "p.b@g.co.in",
            "entity": "emailid"
          }
        ]
      },
      {
        "text": "show me a mexican place in the centre",
        "intent": "restaurant_search",
        "entities": [
          {
            "start": 31,
            "end": 37,
            "value": "centre",
            "entity": "location"
          },
          {
            "start": 10,
            "end": 17,
            "value": "mexican",
            "entity": "cuisine"
          }
        ]
      },
      {
        "text": "search for restaurants",
        "intent": "restaurant_search",
        "entities": []
      },
      {
        "text": "anywhere in the west",
        "intent": "restaurant_search",
        "entities": [
          {
            "start": 16,
            "end": 20,
            "value": "west",
            "entity": "location"
          }
        ]
      },
      {
        "text": "anywhere near 18328",
        "intent": "restaurant_search",
        "entities": [
          {
            "start": 14,
            "end": 19,
            "value": "18328",
            "entity": "location"
          }
        ]
      },
      {
        "text": "I am looking for asian fusion food",
        "intent": "restaurant_search",
        "entities": [
          {
            "start": 17,
            "end": 29,
            "value": "asian fusion",
            "entity": "cuisine"
          }
        ]
      },
      {
        "text": "I am looking a restaurant in 29432",
        "intent": "restaurant_search",
        "entities": [
          {
            "start": 29,
            "end": 34,
            "value": "29432",
            "entity": "location"
          }
        ]
      },
      {
        "text": "in London",
        "intent": "restaurant_search",
        "entities": [
          {
            "start": 3,
            "end": 9,
            "value": "London",
            "entity": "location"
          }
        ]
      },
      {
        "text": "South Indian",
        "intent": "restaurant_search",
        "entities": [
          {
            "start": 0,
            "end": 12,
            "value": "South Indian",
            "entity": "cuisine"
          }
        ]
      },
      {
        "text": "North Indian",
        "intent": "restaurant_search",
        "entities": [
          {
            "start": 0,
            "end": 12,
            "value": "North Indian",
            "entity": "cuisine"
          }
        ]
      },
      {
        "text": "Italian",
        "intent": "restaurant_search",
        "entities": [
          {
            "start": 0,
            "end": 7,
            "value": "Italian",
            "entity": "cuisine"
          }
        ]
      },
      {
        "text": "Chinese",
        "intent": "restaurant_search",
        "entities": [
          {
            "start": 0,
            "end": 7,
            "value": "chinese",
            "entity": "cuisine"
          }
        ]
      },
      {
        "text": "chinese",
        "intent": "restaurant_search",
        "entities": [
          {
            "start": 0,
            "end": 7,
            "value": "chinese",
            "entity": "cuisine"
          }
        ]
      },
      {
        "text": "Lithuania",
        "intent": "restaurant_search",
        "entities": [
          {
            "start": 0,
            "end": 9,
            "value": "Lithuania",
            "entity": "location"
          }
        ]
      },
      {
        "text": "Oh, sorry, in Italy",
        "intent": "restaurant_search",
        "entities": [
          {
            "start": 14,
            "end": 19,
            "value": "Italy",
            "entity": "location"
          }
        ]
      },
      {
        "text": "in delhi",
        "intent": "restaurant_search",
        "entities": [
          {
            "start": 3,
            "end": 8,
            "value": "delhi",
            "entity": "location"
          }
        ]
      },
      {
        "text": "In Delhi",
        "intent": "restaurant_search",
        "entities": [
          {
            "start": 3,
            "end": 8,
            "value": "Delhi",
            "entity": "location"
          }
        ]
      },
      {
        "text": "In Delhi.",
        "intent": "restaurant_search",
        "entities": [
          {
            "start": 3,
            "end": 8,
            "value": "Delhi",
            "entity": "location"
          }
        ]
      },
      {
        "text": "I am looking for some restaurants in Delhi.",
        "intent": "restaurant_search",
        "entities": [
          {
            "start": 37,
            "end": 42,
            "value": "Delhi",
            "entity": "location"
          }
        ]
      },
      {
        "text": "I am looking for some restaurants in Delhi",
        "intent": "restaurant_search",
        "entities": [
          {
            "start": 37,
            "end": 42,
            "value": "Delhi",
            "entity": "location"
          }
        ]
      },
      {
        "text": "I am looking for some restaurants in delhi",
        "intent": "restaurant_search",
        "entities": [
          {
            "start": 37,
            "end": 42,
            "value": "delhi",
            "entity": "location"
          }
        ]
      },
      {
        "text": "I am looking for mexican indian fusion",
        "intent": "restaurant_search",
        "entities": [
          {
            "start": 17,
            "end": 38,
            "value": "mexican indian fusion",
            "entity": "cuisine"
          }
        ]
      },
      {
        "text": "can you book a table in rome in a moderate price range with british food for four people",
        "intent": "restaurant_search",
        "entities": [
          {
            "start": 24,
            "end": 28,
            "value": "rome",
            "entity": "location"
          },
          {
            "start": 34,
            "end": 42,
            "value": "mid",
            "entity": "price"
          },
          {
            "start": 60,
            "end": 67,
            "value": "british",
            "entity": "cuisine"
          },
          {
            "start": 77,
            "end": 81,
            "value": "4",
            "entity": "people"
          }
        ]
      },
      {
        "text": "bye",
        "intent": "goodbye",
        "entities": []
      },
      {
        "text": "goodbye",
        "intent": "goodbye",
        "entities": []
      },
      {
        "text": "good bye",
        "intent": "goodbye",
        "entities": []
      },
      {
        "text": "stop",
        "intent": "goodbye",
        "entities": []
      },
      {
        "text": "end",
        "intent": "goodbye",
        "entities": []
      },
      {
        "text": "farewell",
        "intent": "goodbye",
        "entities": []
      },
      {
        "text": "Bye bye",
        "intent": "goodbye",
        "entities": []
      },
      {
        "text": "have a good one",
        "intent": "goodbye",
        "entities": []
      },
      {
        "text": "please help me to find restaurants in pune",
        "intent": "restaurant_search",
        "entities": [
          {
            "start": 38,
            "end": 42,
            "value": "pune",
            "entity": "location"
          }
        ]
      },
      {
        "text": "i am looking for a restaurant in kolkata",
        "intent": "restaurant_search",
        "entities": [
          {
            "start": 33,
            "end": 40,
            "value": "kolkata",
            "entity": "location"
          }
        ]
      },
      {
        "text": "i am looking for a restaurant in Bangalore",
        "intent": "restaurant_search",
        "entities": [
          {
            "start": 33,
            "end": 42,
            "value": "Bangalore",
            "entity": "location"
          }
        ]
      },
      {
        "text": "i am looking for a restaurant in  Chennai",
        "intent": "restaurant_search",
        "entities": [
          {
            "start": 34,
            "end": 41,
            "value": "Chennai",
            "entity": "location"
          }
        ]
      },
      {
        "text": "i am looking for a restaurant in  Delhi",
        "intent": "restaurant_search",
        "entities": [
          {
            "start": 34,
            "end": 39,
            "value": "Delhi",
            "entity": "location"
          }
        ]
      },
      {
        "text": "i am looking for a restaurant in  Hyderabad",
        "intent": "restaurant_search",
        "entities": [
          {
            "start": 34,
            "end": 43,
            "value": "Hyderabad",
            "entity": "location"
          }
        ]
      },
      {
        "text": "i am looking for a restaurant in Mumbai",
        "intent": "restaurant_search",
        "entities": [
          {
            "start": 33,
            "end": 39,
            "value": "Mumbai",
            "entity": "location"
          }
        ]
      },
      {
        "text": "i am looking for a restaurant in Visakhapatnam",
        "intent": "restaurant_search",
        "entities": [
          {
            "start": 33,
            "end": 46,
            "value": "Visakhapatnam",
            "entity": "location"
          }
        ]
      },
      {
        "text": "i am looking for a restaurant in Ahmedabad",
        "intent": "restaurant_search",
        "entities": [
          {
            "start": 33,
            "end": 42,
            "value": "Ahmedabad",
            "entity": "location"
          }
        ]
      },
      {
        "text": "i am looking for a restaurant in Surat",
        "intent": "restaurant_search",
        "entities": [
          {
            "start": 33,
            "end": 38,
            "value": "Surat",
            "entity": "location"
          }
        ]
      },
      {
        "text": "i am looking for a restaurant in Agra",
        "intent": "restaurant_search",
        "entities": [
          {
            "start": 33,
            "end": 37,
            "value": "Agra",
            "entity": "location"
          }
        ]
      },
      {
        "text": "i am looking for a restaurant in Ajmer",
        "intent": "restaurant_search",
        "entities": [
          {
            "start": 33,
            "end": 38,
            "value": "Ajmer",
            "entity": "location"
          }
        ]
      },
      {
        "text": "i am looking for a restaurant in Aligarh",
        "intent": "restaurant_search",
        "entities": [
          {
            "start": 33,
            "end": 40,
            "value": "Aligarh",
            "entity": "location"
          }
        ]
      },
      {
        "text": "i am looking for a restaurant in  Amravati",
        "intent": "restaurant_search",
        "entities": [
          {
            "start": 34,
            "end": 42,
            "value": "Amravati",
            "entity": "location"
          }
        ]
      },
      {
        "text": "i am looking for a restaurant in  Asansol",
        "intent": "restaurant_search",
        "entities": [
          {
            "start": 34,
            "end": 41,
            "value": "Asansol",
            "entity": "location"
          }
        ]
      },
      {
        "text": "i am looking for a restaurant in  Aurangabad",
        "intent": "restaurant_search",
        "entities": [
          {
            "start": 34,
            "end": 44,
            "value": "Aurangabad",
            "entity": "location"
          }
        ]
      },
      {
        "text": "i am looking for a restaurant in  Bareilly",
        "intent": "restaurant_search",
        "entities": [
          {
            "start": 34,
            "end": 42,
            "value": "Bareilly",
            "entity": "location"
          }
        ]
      },
      {
        "text": "i am looking for a restaurant in  Belgaum",
        "intent": "restaurant_search",
        "entities": [
          {
            "start": 34,
            "end": 41,
            "value": "Belgaum",
            "entity": "location"
          }
        ]
      },
      {
        "text": "i am looking for a restaurant in  Bhavnagar",
        "intent": "restaurant_search",
        "entities": [
          {
            "start": 34,
            "end": 43,
            "value": "Bhavnagar",
            "entity": "location"
          }
        ]
      },
      {
        "text": "i am looking for a restaurant in  Bhiwandi",
        "intent": "restaurant_search",
        "entities": [
          {
            "start": 34,
            "end": 42,
            "value": "Bhiwandi",
            "entity": "location"
          }
        ]
      },
      {
        "text": "i am looking for a restaurant in  Bhopal",
        "intent": "restaurant_search",
        "entities": [
          {
            "start": 34,
            "end": 40,
            "value": "Bhopal",
            "entity": "location"
          }
        ]
      },
      {
        "text": "i am looking for a restaurant in  Bhubaneswar",
        "intent": "restaurant_search",
        "entities": [
          {
            "start": 34,
            "end": 45,
            "value": "Bhubaneswar",
            "entity": "location"
          }
        ]
      },
      {
        "text": "i am looking for a restaurant in  Bikaner",
        "intent": "restaurant_search",
        "entities": [
          {
            "start": 34,
            "end": 41,
            "value": "Bikaner",
            "entity": "location"
          }
        ]
      },
      {
        "text": "i am looking for a restaurant in  Bokaro Steel City",
        "intent": "restaurant_search",
        "entities": [
          {
            "start": 34,
            "end": 51,
            "value": "Bokaro Steel City",
            "entity": "location"
          }
        ]
      },
      {
        "text": "i am looking for a restaurant in  Chandigarh",
        "intent": "restaurant_search",
        "entities": [
          {
            "start": 34,
            "end": 44,
            "value": "Chandigarh",
            "entity": "location"
          }
        ]
      },
      {
        "text": "i am looking for a restaurant in  Coimbatore",
        "intent": "restaurant_search",
        "entities": [
          {
            "start": 34,
            "end": 44,
            "value": "Coimbatore",
            "entity": "location"
          }
        ]
      },
      {
        "text": "i am looking for a restaurant in  Nagpur",
        "intent": "restaurant_search",
        "entities": [
          {
            "start": 34,
            "end": 40,
            "value": "Nagpur",
            "entity": "location"
          }
        ]
      },
      {
        "text": "i am looking for a restaurant in  Cuttack",
        "intent": "restaurant_search",
        "entities": [
          {
            "start": 34,
            "end": 41,
            "value": "Cuttack",
            "entity": "location"
          }
        ]
      },
      {
        "text": "i am looking for a restaurant in  Dehradun",
        "intent": "restaurant_search",
        "entities": [
          {
            "start": 34,
            "end": 42,
            "value": "Dehradun",
            "entity": "location"
          }
        ]
      },
      {
        "text": "i am looking for a restaurant in  Dhanbad",
        "intent": "restaurant_search",
        "entities": [
          {
            "start": 34,
            "end": 41,
            "value": "Dhanbad",
            "entity": "location"
          }
        ]
      },
      {
        "text": "i am looking for a restaurant in  Durg-Bhilai Nagar",
        "intent": "restaurant_search",
        "entities": [
          {
            "start": 34,
            "end": 51,
            "value": "Durg-Bhilai Nagar",
            "entity": "location"
          }
        ]
      },
      {
        "text": "i am looking for a restaurant in  Durgapur",
        "intent": "restaurant_search",
        "entities": [
          {
            "start": 34,
            "end": 42,
            "value": "Durgapur",
            "entity": "location"
          }
        ]
      },
      {
        "text": "i am looking for a restaurant in  Erode",
        "intent": "restaurant_search",
        "entities": [
          {
            "start": 34,
            "end": 39,
            "value": "Erode",
            "entity": "location"
          }
        ]
      },
      {
        "text": "i am looking for a restaurant in  Faridabad",
        "intent": "restaurant_search",
        "entities": [
          {
            "start": 34,
            "end": 43,
            "value": "Faridabad",
            "entity": "location"
          }
        ]
      },
      {
        "text": "i am looking for a restaurant in  Firozabad",
        "intent": "restaurant_search",
        "entities": [
          {
            "start": 34,
            "end": 43,
            "value": "Firozabad",
            "entity": "location"
          }
        ]
      },
      {
        "text": "i am looking for a restaurant in  Ghaziabad",
        "intent": "restaurant_search",
        "entities": [
          {
            "start": 34,
            "end": 43,
            "value": "Ghaziabad",
            "entity": "location"
          }
        ]
      },
      {
        "text": "i am looking for a restaurant in  Gorakhpur",
        "intent": "restaurant_search",
        "entities": [
          {
            "start": 34,
            "end": 43,
            "value": "Gorakhpur",
            "entity": "location"
          }
        ]
      },
      {
        "text": "i am looking for a restaurant in  Gulbarga",
        "intent": "restaurant_search",
        "entities": [
          {
            "start": 34,
            "end": 42,
            "value": "Gulbarga",
            "entity": "location"
          }
        ]
      },
      {
        "text": "i am looking for a restaurant in  Guntur",
        "intent": "restaurant_search",
        "entities": [
          {
            "start": 34,
            "end": 40,
            "value": "Guntur",
            "entity": "location"
          }
        ]
      },
      {
        "text": "i am looking for a restaurant in  Gwalior",
        "intent": "restaurant_search",
        "entities": [
          {
            "start": 34,
            "end": 41,
            "value": "Gwalior",
            "entity": "location"
          }
        ]
      },
      {
        "text": "i am looking for a restaurant in  Gurgaon",
        "intent": "restaurant_search",
        "entities": [
          {
            "start": 34,
            "end": 41,
            "value": "Gurgaon",
            "entity": "location"
          }
        ]
      },
      {
        "text": "i am looking for a restaurant in  Guwahati",
        "intent": "restaurant_search",
        "entities": [
          {
            "start": 34,
            "end": 42,
            "value": "Guwahati",
            "entity": "location"
          }
        ]
      },
      {
        "text": "i am looking for a restaurant in  Hubli-Dharwad",
        "intent": "restaurant_search",
        "entities": [
          {
            "start": 34,
            "end": 47,
            "value": "Hubli-Dharwad",
            "entity": "location"
          }
        ]
      },
      {
        "text": "i am looking for a restaurant in  Indore",
        "intent": "restaurant_search",
        "entities": [
          {
            "start": 34,
            "end": 40,
            "value": "Indore",
            "entity": "location"
          }
        ]
      },
      {
        "text": "i am looking for a restaurant in  Jabalpur",
        "intent": "restaurant_search",
        "entities": [
          {
            "start": 34,
            "end": 42,
            "value": "Jabalpur",
            "entity": "location"
          }
        ]
      },
      {
        "text": "i am looking for a restaurant in  Jaipur",
        "intent": "restaurant_search",
        "entities": [
          {
            "start": 34,
            "end": 40,
            "value": "Jaipur",
            "entity": "location"
          }
        ]
      },
      {
        "text": "i am looking for a restaurant in  Jalandhar",
        "intent": "restaurant_search",
        "entities": [
          {
            "start": 34,
            "end": 43,
            "value": "Jalandhar",
            "entity": "location"
          }
        ]
      },
      {
        "text": "i am looking for a restaurant in  Jammu",
        "intent": "restaurant_search",
        "entities": [
          {
            "start": 34,
            "end": 39,
            "value": "Jammu",
            "entity": "location"
          }
        ]
      },
      {
        "text": "i am looking for a restaurant in  Jamnagar",
        "intent": "restaurant_search",
        "entities": [
          {
            "start": 34,
            "end": 42,
            "value": "Jamnagar",
            "entity": "location"
          }
        ]
      },
      {
        "text": "i am looking for a restaurant in  Jamshedpur",
        "intent": "restaurant_search",
        "entities": [
          {
            "start": 34,
            "end": 44,
            "value": "Jamshedpur",
            "entity": "location"
          }
        ]
      },
      {
        "text": "i am looking for a restaurant in  Jhansi",
        "intent": "restaurant_search",
        "entities": [
          {
            "start": 34,
            "end": 40,
            "value": "Jhansi",
            "entity": "location"
          }
        ]
      },
      {
        "text": "i am looking for a restaurant in  Jodhpur",
        "intent": "restaurant_search",
        "entities": [
          {
            "start": 34,
            "end": 41,
            "value": "Jodhpur",
            "entity": "location"
          }
        ]
      },
      {
        "text": "i am looking for a restaurant in  Kakinada",
        "intent": "restaurant_search",
        "entities": [
          {
            "start": 34,
            "end": 42,
            "value": "Kakinada",
            "entity": "location"
          }
        ]
      },
      {
        "text": "i am looking for a restaurant in  Kannur",
        "intent": "restaurant_search",
        "entities": [
          {
            "start": 34,
            "end": 40,
            "value": "Kannur",
            "entity": "location"
          }
        ]
      },
      {
        "text": "i am looking for a restaurant in  Kanpur",
        "intent": "restaurant_search",
        "entities": [
          {
            "start": 34,
            "end": 40,
            "value": "Kanpur",
            "entity": "location"
          }
        ]
      },
      {
        "text": "i am looking for a restaurant in  Kochi",
        "intent": "restaurant_search",
        "entities": [
          {
            "start": 34,
            "end": 39,
            "value": "Kochi",
            "entity": "location"
          }
        ]
      },
      {
        "text": "i am looking for a restaurant in  Kottayam",
        "intent": "restaurant_search",
        "entities": [
          {
            "start": 34,
            "end": 42,
            "value": "Kottayam",
            "entity": "location"
          }
        ]
      },
      {
        "text": "i am looking for a restaurant in  Kolhapur",
        "intent": "restaurant_search",
        "entities": [
          {
            "start": 34,
            "end": 42,
            "value": "Kolhapur",
            "entity": "location"
          }
        ]
      },
      {
        "text": "i am looking for a restaurant in  Kollam",
        "intent": "restaurant_search",
        "entities": [
          {
            "start": 34,
            "end": 40,
            "value": "Kollam",
            "entity": "location"
          }
        ]
      },
      {
        "text": "i am looking for a restaurant in  Kota",
        "intent": "restaurant_search",
        "entities": [
          {
            "start": 34,
            "end": 38,
            "value": "Kota",
            "entity": "location"
          }
        ]
      },
      {
        "text": "i am looking for a restaurant in  Kozhikode",
        "intent": "restaurant_search",
        "entities": [
          {
            "start": 34,
            "end": 43,
            "value": "Kozhikode",
            "entity": "location"
          }
        ]
      },
      {
        "text": "i am looking for a restaurant in  Kurnool",
        "intent": "restaurant_search",
        "entities": [
          {
            "start": 34,
            "end": 41,
            "value": "Kurnool",
            "entity": "location"
          }
        ]
      },
      {
        "text": "i am looking for a restaurant in  Ludhiana",
        "intent": "restaurant_search",
        "entities": [
          {
            "start": 34,
            "end": 42,
            "value": "Ludhiana",
            "entity": "location"
          }
        ]
      },
      {
        "text": "i am looking for a restaurant in  Lucknow",
        "intent": "restaurant_search",
        "entities": [
          {
            "start": 34,
            "end": 41,
            "value": "Lucknow",
            "entity": "location"
          }
        ]
      },
      {
        "text": "i am looking for a restaurant in  Madurai",
        "intent": "restaurant_search",
        "entities": [
          {
            "start": 34,
            "end": 41,
            "value": "Madurai",
            "entity": "location"
          }
        ]
      },
      {
        "text": "i am looking for a restaurant in  Malappuram",
        "intent": "restaurant_search",
        "entities": [
          {
            "start": 34,
            "end": 44,
            "value": "Malappuram",
            "entity": "location"
          }
        ]
      },
      {
        "text": "i am looking for a restaurant in  Mathura",
        "intent": "restaurant_search",
        "entities": [
          {
            "start": 34,
            "end": 41,
            "value": "Mathura",
            "entity": "location"
          }
        ]
      },
      {
        "text": "i am looking for a restaurant in  Goa",
        "intent": "restaurant_search",
        "entities": [
          {
            "start": 34,
            "end": 37,
            "value": "Goa",
            "entity": "location"
          }
        ]
      },
      {
        "text": "i am looking for a restaurant in  Mangalore",
        "intent": "restaurant_search",
        "entities": [
          {
            "start": 34,
            "end": 43,
            "value": "Mangalore",
            "entity": "location"
          }
        ]
      },
      {
        "text": "i am looking for a restaurant in  Meerut",
        "intent": "restaurant_search",
        "entities": [
          {
            "start": 34,
            "end": 40,
            "value": "Meerut",
            "entity": "location"
          }
        ]
      },
      {
        "text": "i am looking for a restaurant in  Moradabad",
        "intent": "restaurant_search",
        "entities": [
          {
            "start": 34,
            "end": 43,
            "value": "Moradabad",
            "entity": "location"
          }
        ]
      },
      {
        "text": "i am looking for a restaurant in  Mysore",
        "intent": "restaurant_search",
        "entities": [
          {
            "start": 34,
            "end": 40,
            "value": "Mysore",
            "entity": "location"
          }
        ]
      },
      {
        "text": "i am looking for a restaurant in  Nanded",
        "intent": "restaurant_search",
        "entities": [
          {
            "start": 34,
            "end": 40,
            "value": "Nanded",
            "entity": "location"
          }
        ]
      },
      {
        "text": "i am looking for a restaurant in  Nashik",
        "intent": "restaurant_search",
        "entities": [
          {
            "start": 34,
            "end": 40,
            "value": "Nashik",
            "entity": "location"
          }
        ]
      },
      {
        "text": "i am looking for a restaurant in  Nellore",
        "intent": "restaurant_search",
        "entities": [
          {
            "start": 34,
            "end": 41,
            "value": "Nellore",
            "entity": "location"
          }
        ]
      },
      {
        "text": "i am looking for a restaurant in  Noida",
        "intent": "restaurant_search",
        "entities": [
          {
            "start": 34,
            "end": 39,
            "value": "Noida",
            "entity": "location"
          }
        ]
      },
      {
        "text": "i am looking for a restaurant in  Palakkad",
        "intent": "restaurant_search",
        "entities": [
          {
            "start": 34,
            "end": 42,
            "value": "Palakkad",
            "entity": "location"
          }
        ]
      },
      {
        "text": "i am looking for a restaurant in  Patna",
        "intent": "restaurant_search",
        "entities": [
          {
            "start": 34,
            "end": 39,
            "value": "Patna",
            "entity": "location"
          }
        ]
      },
      {
        "text": "i am looking for a restaurant in  Pondicherry",
        "intent": "restaurant_search",
        "entities": [
          {
            "start": 34,
            "end": 45,
            "value": "Pondicherry",
            "entity": "location"
          }
        ]
      },
      {
        "text": "i am looking for a restaurant in  Prayagraj",
        "intent": "restaurant_search",
        "entities": [
          {
            "start": 34,
            "end": 43,
            "value": "Prayagraj",
            "entity": "location"
          }
        ]
      },
      {
        "text": "i am looking for a restaurant in  Raipur",
        "intent": "restaurant_search",
        "entities": [
          {
            "start": 34,
            "end": 40,
            "value": "Raipur",
            "entity": "location"
          }
        ]
      },
      {
        "text": "i am looking for a restaurant in  Rajkot",
        "intent": "restaurant_search",
        "entities": [
          {
            "start": 34,
            "end": 40,
            "value": "Rajkot",
            "entity": "location"
          }
        ]
      },
      {
        "text": "i am looking for a restaurant in  Rajahmundry",
        "intent": "restaurant_search",
        "entities": [
          {
            "start": 34,
            "end": 45,
            "value": "Rajahmundry",
            "entity": "location"
          }
        ]
      },
      {
        "text": "i am looking for a restaurant in  Ranchi",
        "intent": "restaurant_search",
        "entities": [
          {
            "start": 34,
            "end": 40,
            "value": "Ranchi",
            "entity": "location"
          }
        ]
      },
      {
        "text": "i am looking for a restaurant in  Rourkela",
        "intent": "restaurant_search",
        "entities": [
          {
            "start": 34,
            "end": 42,
            "value": "Rourkela",
            "entity": "location"
          }
        ]
      },
      {
        "text": "i am looking for a restaurant in  Salem",
        "intent": "restaurant_search",
        "entities": [
          {
            "start": 34,
            "end": 39,
            "value": "Salem",
            "entity": "location"
          }
        ]
      },
      {
        "text": "i am looking for a restaurant in  Sangli",
        "intent": "restaurant_search",
        "entities": [
          {
            "start": 34,
            "end": 40,
            "value": "Sangli",
            "entity": "location"
          }
        ]
      },
      {
        "text": "i am looking for a restaurant in  Siliguri",
        "intent": "restaurant_search",
        "entities": [
          {
            "start": 34,
            "end": 42,
            "value": "Siliguri",
            "entity": "location"
          }
        ]
      },
      {
        "text": "i am looking for a restaurant in  Solapur",
        "intent": "restaurant_search",
        "entities": [
          {
            "start": 34,
            "end": 41,
            "value": "Solapur",
            "entity": "location"
          }
        ]
      },
      {
        "text": "i am looking for a restaurant in  Srinagar",
        "intent": "restaurant_search",
        "entities": [
          {
            "start": 34,
            "end": 42,
            "value": "Srinagar",
            "entity": "location"
          }
        ]
      },
      {
        "text": "i am looking for a restaurant in  Thiruvananthapuram",
        "intent": "restaurant_search",
        "entities": [
          {
            "start": 34,
            "end": 52,
            "value": "Thiruvananthapuram",
            "entity": "location"
          }
        ]
      },
      {
        "text": "i am looking for a restaurant in  Thrissur",
        "intent": "restaurant_search",
        "entities": [
          {
            "start": 34,
            "end": 42,
            "value": "Thrissur",
            "entity": "location"
          }
        ]
      },
      {
        "text": "i am looking for a restaurant in  Tiruchirappalli",
        "intent": "restaurant_search",
        "entities": [
          {
            "start": 34,
            "end": 49,
            "value": "Tiruchirappalli",
            "entity": "location"
          }
        ]
      },
      {
        "text": "i am looking for a restaurant in  Tirupati",
        "intent": "restaurant_search",
        "entities": [
          {
            "start": 34,
            "end": 42,
            "value": "Tirupati",
            "entity": "location"
          }
        ]
      },
      {
        "text": "i am looking for a restaurant in  Tirunelveli",
        "intent": "restaurant_search",
        "entities": [
          {
            "start": 34,
            "end": 45,
            "value": "Tirunelveli",
            "entity": "location"
          }
        ]
      },
      {
        "text": "i am looking for a restaurant in  Tiruppur",
        "intent": "restaurant_search",
        "entities": [
          {
            "start": 34,
            "end": 42,
            "value": "Tiruppur",
            "entity": "location"
          }
        ]
      },
      {
        "text": "i am looking for a restaurant in  Tiruvannamalai",
        "intent": "restaurant_search",
        "entities": [
          {
            "start": 34,
            "end": 48,
            "value": "Tiruvannamalai",
            "entity": "location"
          }
        ]
      },
      {
        "text": "i am looking for a restaurant in  Ujjain",
        "intent": "restaurant_search",
        "entities": [
          {
            "start": 34,
            "end": 40,
            "value": "Ujjain",
            "entity": "location"
          }
        ]
      },
      {
        "text": "i am looking for a restaurant in  Bijapur",
        "intent": "restaurant_search",
        "entities": [
          {
            "start": 34,
            "end": 41,
            "value": "Bijapur",
            "entity": "location"
          }
        ]
      },
      {
        "text": "i am looking for a restaurant in  Vadodara",
        "intent": "restaurant_search",
        "entities": [
          {
            "start": 34,
            "end": 42,
            "value": "Vadodara",
            "entity": "location"
          }
        ]
      },
      {
        "text": "i am looking for a restaurant in  Varanasi",
        "intent": "restaurant_search",
        "entities": [
          {
            "start": 34,
            "end": 42,
            "value": "Varanasi",
            "entity": "location"
          }
        ]
      },
      {
        "text": "i am looking for a restaurant in  Vasai-Virar City",
        "intent": "restaurant_search",
        "entities": [
          {
            "start": 34,
            "end": 50,
            "value": "Vasai-Virar City",
            "entity": "location"
          }
        ]
      },
      {
        "text": "i am looking for a restaurant in  Vijayawada",
        "intent": "restaurant_search",
        "entities": [
          {
            "start": 34,
            "end": 44,
            "value": "Vijayawada",
            "entity": "location"
          }
        ]
      },
      {
        "text": "i am looking for a restaurant in  Vellore",
        "intent": "restaurant_search",
        "entities": [
          {
            "start": 34,
            "end": 41,
            "value": "Vellore",
            "entity": "location"
          }
        ]
      },
      {
        "text": "i am looking for a restaurant in  Warangal",
        "intent": "restaurant_search",
        "entities": [
          {
            "start": 34,
            "end": 42,
            "value": "Warangal",
            "entity": "location"
          }
        ]
      },
      {
        "text": "average budget between 300 and 700",
        "intent": "restaurant_search",
        "entities": [
          {
            "start": 0,
            "end": 7,
            "value": "average",
            "entity": "budget"
          },
          {
            "start": 23,
            "end": 34,
            "value": "300 and 700",
            "entity": "budget"
          }
        ]
      },
      {
        "text": "average budget less than 300",
        "intent": "restaurant_search",
        "entities": [
          {
            "start": 15,
            "end": 28,
            "value": "less than 300",
            "entity": "budget"
          },
          {
            "start": 0,
            "end": 7,
            "value": "average",
            "entity": "budget"
          }
        ]
      },
      {
        "text": "average budget greater than 700",
        "intent": "restaurant_search",
        "entities": [
          {
            "start": 15,
            "end": 31,
            "value": "greater than 700",
            "entity": "budget"
          },
          {
            "start": 0,
            "end": 7,
            "value": "average",
            "entity": "budget"
          }
        ]
      },
      {
        "text": "my email id is gautam.jha911@gmail.com",
        "intent": "send_mail",
        "entities": [
          {
            "start": 15,
            "end": 38,
            "value": "gautam.jha911@gmail.com",
            "entity": "emailid"
          }
        ]
      },
      {
        "text": "send me the email at gautam.jha911@gmail.com",
        "intent": "send_mail",
        "entities": [
          {
            "start": 21,
            "end": 44,
            "value": "gautam.jha911@gmail.com",
            "entity": "emailid"
          }
        ]
      },
      {
        "text": "send me at xyz@gmail.com",
        "intent": "send_mail",
        "entities": [
          {
            "start": 11,
            "end": 24,
            "value": "xyz@gmail.com",
            "entity": "emailid"
          }
        ]
      },
      {
        "text": "hola",
        "intent": "greet",
        "entities": []
      },
      {
        "text": "i am looking for a restaurant in delhi for italian cusine with an average budget greater than 700",
        "intent": "restaurant_search",
        "entities": [
          {
            "start": 33,
            "end": 39,
            "value": "delhi ",
            "entity": "location"
          },
          {
            "start": 43,
            "end": 50,
            "value": "italian",
            "entity": "cuisine"
          },
          {
            "start": 81,
            "end": 97,
            "value": "greater than 700",
            "entity": "budget"
          }
        ]
      },
      {
        "text": "ahmedabad",
        "intent": "restaurant_search",
        "entities": [
          {
            "start": 0,
            "end": 9,
            "value": "ahmedabad",
            "entity": "location"
          }
        ]
      },
      {
        "text": "bangalore",
        "intent": "restaurant_search",
        "entities": [
          {
            "start": 0,
            "end": 9,
            "value": "bangalore",
            "entity": "location"
          }
        ]
      },
      {
        "text": "chennai",
        "intent": "restaurant_search",
        "entities": [
          {
            "start": 0,
            "end": 7,
            "value": "chennai",
            "entity": "location"
          }
        ]
      },
      {
        "text": "delhi",
        "intent": "restaurant_search",
        "entities": [
          {
            "start": 0,
            "end": 5,
            "value": "delhi",
            "entity": "location"
          }
        ]
      },
      {
        "text": "hyderabad",
        "intent": "restaurant_search",
        "entities": [
          {
            "start": 0,
            "end": 9,
            "value": "hyderabad",
            "entity": "location"
          }
        ]
      },
      {
        "text": "kolkata",
        "intent": "restaurant_search",
        "entities": [
          {
            "start": 0,
            "end": 7,
            "value": "kolkata",
            "entity": "location"
          }
        ]
      },
      {
        "text": "mumbai",
        "intent": "restaurant_search",
        "entities": [
          {
            "start": 0,
            "end": 6,
            "value": "mumbai",
            "entity": "location"
          }
        ]
      },
      {
        "text": "pune",
        "intent": "restaurant_search",
        "entities": [
          {
            "start": 0,
            "end": 4,
            "value": "pune",
            "entity": "location"
          }
        ]
      },
      {
        "text": "agra",
        "intent": "restaurant_search",
        "entities": [
          {
            "start": 0,
            "end": 4,
            "value": "agra",
            "entity": "location"
          }
        ]
      },
      {
        "text": "ajmer",
        "intent": "restaurant_search",
        "entities": [
          {
            "start": 0,
            "end": 5,
            "value": "ajmer",
            "entity": "location"
          }
        ]
      },
      {
        "text": "aligarh",
        "intent": "restaurant_search",
        "entities": [
          {
            "start": 0,
            "end": 7,
            "value": "aligarh",
            "entity": "location"
          }
        ]
      },
      {
        "text": "allahabad",
        "intent": "restaurant_search",
        "entities": [
          {
            "start": 0,
            "end": 9,
            "value": "allahabad",
            "entity": "location"
          }
        ]
      },
      {
        "text": "amravati",
        "intent": "restaurant_search",
        "entities": [
          {
            "start": 0,
            "end": 8,
            "value": "amravati",
            "entity": "location"
          }
        ]
      },
      {
        "text": "amritsar",
        "intent": "restaurant_search",
        "entities": [
          {
            "start": 0,
            "end": 8,
            "value": "amritsar",
            "entity": "location"
          }
        ]
      },
      {
        "text": "asansol",
        "intent": "restaurant_search",
        "entities": [
          {
            "start": 0,
            "end": 7,
            "value": "asansol",
            "entity": "location"
          }
        ]
      },
      {
        "text": "aurangabad",
        "intent": "restaurant_search",
        "entities": [
          {
            "start": 0,
            "end": 10,
            "value": "aurangabad",
            "entity": "location"
          }
        ]
      },
      {
        "text": "bareilly",
        "intent": "restaurant_search",
        "entities": [
          {
            "start": 0,
            "end": 8,
            "value": "bareilly",
            "entity": "location"
          }
        ]
      },
      {
        "text": "belgaum",
        "intent": "restaurant_search",
        "entities": [
          {
            "start": 0,
            "end": 7,
            "value": "belgaum",
            "entity": "location"
          }
        ]
      },
      {
        "text": "bhavnagar",
        "intent": "restaurant_search",
        "entities": [
          {
            "start": 0,
            "end": 9,
            "value": "bhavnagar",
            "entity": "location"
          }
        ]
      },
      {
        "text": "bhiwandi",
        "intent": "restaurant_search",
        "entities": [
          {
            "start": 0,
            "end": 8,
            "value": "bhiwandi",
            "entity": "location"
          }
        ]
      },
      {
        "text": "bhopal",
        "intent": "restaurant_search",
        "entities": [
          {
            "start": 0,
            "end": 6,
            "value": "bhopal",
            "entity": "location"
          }
        ]
      },
      {
        "text": "bhubaneswar",
        "intent": "restaurant_search",
        "entities": [
          {
            "start": 0,
            "end": 11,
            "value": "bhubaneswar",
            "entity": "location"
          }
        ]
      },
      {
        "text": "bikaner",
        "intent": "restaurant_search",
        "entities": [
          {
            "start": 0,
            "end": 7,
            "value": "bikaner",
            "entity": "location"
          }
        ]
      },
      {
        "text": "bokaro",
        "intent": "restaurant_search",
        "entities": [
          {
            "start": 0,
            "end": 6,
            "value": "bokaro",
            "entity": "location"
          }
        ]
      },
      {
        "text": "steel city",
        "intent": "restaurant_search",
        "entities": [
          {
            "start": 0,
            "end": 10,
            "value": "steel city",
            "entity": "location"
          }
        ]
      },
      {
        "text": "chandigarh",
        "intent": "restaurant_search",
        "entities": [
          {
            "start": 0,
            "end": 10,
            "value": "chandigarh",
            "entity": "location"
          }
        ]
      },
      {
        "text": "coimbatore",
        "intent": "restaurant_search",
        "entities": [
          {
            "start": 0,
            "end": 10,
            "value": "coimbatore",
            "entity": "location"
          }
        ]
      },
      {
        "text": "cuttack",
        "intent": "restaurant_search",
        "entities": [
          {
            "start": 0,
            "end": 7,
            "value": "cuttack",
            "entity": "location"
          }
        ]
      },
      {
        "text": "dehradun",
        "intent": "restaurant_search",
        "entities": [
          {
            "start": 0,
            "end": 8,
            "value": "dehradun",
            "entity": "location"
          }
        ]
      },
      {
        "text": "dhanbad",
        "intent": "restaurant_search",
        "entities": [
          {
            "start": 0,
            "end": 7,
            "value": "dhanbad",
            "entity": "location"
          }
        ]
      },
      {
        "text": "durg-bhilai nagar",
        "intent": "restaurant_search",
        "entities": [
          {
            "start": 0,
            "end": 17,
            "value": "durg-bhilai nagar",
            "entity": "location"
          }
        ]
      },
      {
        "text": "durgapur",
        "intent": "restaurant_search",
        "entities": [
          {
            "start": 0,
            "end": 8,
            "value": "durgapur",
            "entity": "location"
          }
        ]
      },
      {
        "text": "erode",
        "intent": "restaurant_search",
        "entities": [
          {
            "start": 0,
            "end": 5,
            "value": "erode",
            "entity": "location"
          }
        ]
      },
      {
        "text": "faridabad",
        "intent": "restaurant_search",
        "entities": [
          {
            "start": 0,
            "end": 9,
            "value": "faridabad",
            "entity": "location"
          }
        ]
      },
      {
        "text": "firozabad",
        "intent": "restaurant_search",
        "entities": [
          {
            "start": 0,
            "end": 9,
            "value": "firozabad",
            "entity": "location"
          }
        ]
      },
      {
        "text": "ghaziabad",
        "intent": "restaurant_search",
        "entities": [
          {
            "start": 0,
            "end": 9,
            "value": "ghaziabad",
            "entity": "location"
          }
        ]
      },
      {
        "text": "gorakhpur",
        "intent": "restaurant_search",
        "entities": [
          {
            "start": 0,
            "end": 9,
            "value": "gorakhpur",
            "entity": "location"
          }
        ]
      },
      {
        "text": "gulbarga",
        "intent": "restaurant_search",
        "entities": [
          {
            "start": 0,
            "end": 8,
            "value": "gulbarga",
            "entity": "location"
          }
        ]
      },
      {
        "text": "guntur",
        "intent": "restaurant_search",
        "entities": [
          {
            "start": 0,
            "end": 6,
            "value": "guntur",
            "entity": "location"
          }
        ]
      },
      {
        "text": "gurgaon",
        "intent": "restaurant_search",
        "entities": [
          {
            "start": 0,
            "end": 7,
            "value": "gurgaon",
            "entity": "location"
          }
        ]
      },
      {
        "text": "guwahati",
        "intent": "restaurant_search",
        "entities": [
          {
            "start": 0,
            "end": 8,
            "value": "guwahati",
            "entity": "location"
          }
        ]
      },
      {
        "text": "gwalior",
        "intent": "restaurant_search",
        "entities": [
          {
            "start": 0,
            "end": 7,
            "value": "gwalior",
            "entity": "location"
          }
        ]
      },
      {
        "text": "hubli-dharwad",
        "intent": "restaurant_search",
        "entities": [
          {
            "start": 0,
            "end": 13,
            "value": "hubli-dharwad",
            "entity": "location"
          }
        ]
      },
      {
        "text": "indore",
        "intent": "restaurant_search",
        "entities": [
          {
            "start": 0,
            "end": 6,
            "value": "indore",
            "entity": "location"
          }
        ]
      },
      {
        "text": "jabalpur",
        "intent": "restaurant_search",
        "entities": [
          {
            "start": 0,
            "end": 8,
            "value": "jabalpur",
            "entity": "location"
          }
        ]
      },
      {
        "text": "jaipur",
        "intent": "restaurant_search",
        "entities": [
          {
            "start": 0,
            "end": 6,
            "value": "jaipur",
            "entity": "location"
          }
        ]
      },
      {
        "text": "jalandhar",
        "intent": "restaurant_search",
        "entities": [
          {
            "start": 0,
            "end": 9,
            "value": "jalandhar",
            "entity": "location"
          }
        ]
      },
      {
        "text": "jammu",
        "intent": "restaurant_search",
        "entities": [
          {
            "start": 0,
            "end": 5,
            "value": "jammu",
            "entity": "location"
          }
        ]
      },
      {
        "text": "jamnagar",
        "intent": "restaurant_search",
        "entities": [
          {
            "start": 0,
            "end": 8,
            "value": "jamnagar",
            "entity": "location"
          }
        ]
      },
      {
        "text": "jamshedpur",
        "intent": "restaurant_search",
        "entities": [
          {
            "start": 0,
            "end": 10,
            "value": "jamshedpur",
            "entity": "location"
          }
        ]
      },
      {
        "text": "jhansi",
        "intent": "restaurant_search",
        "entities": [
          {
            "start": 0,
            "end": 6,
            "value": "jhansi",
            "entity": "location"
          }
        ]
      },
      {
        "text": "jodhpur",
        "intent": "restaurant_search",
        "entities": [
          {
            "start": 0,
            "end": 7,
            "value": "jodhpur",
            "entity": "location"
          }
        ]
      },
      {
        "text": "kannur",
        "intent": "restaurant_search",
        "entities": [
          {
            "start": 0,
            "end": 6,
            "value": "kannur",
            "entity": "location"
          }
        ]
      },
      {
        "text": "kanpur",
        "intent": "restaurant_search",
        "entities": [
          {
            "start": 0,
            "end": 6,
            "value": "kanpur",
            "entity": "location"
          }
        ]
      },
      {
        "text": "kakinada",
        "intent": "restaurant_search",
        "entities": [
          {
            "start": 0,
            "end": 8,
            "value": "kakinada",
            "entity": "location"
          }
        ]
      },
      {
        "text": "kochi",
        "intent": "restaurant_search",
        "entities": [
          {
            "start": 0,
            "end": 5,
            "value": "kochi",
            "entity": "location"
          }
        ]
      },
      {
        "text": "kottayam",
        "intent": "restaurant_search",
        "entities": [
          {
            "start": 0,
            "end": 8,
            "value": "kottayam",
            "entity": "location"
          }
        ]
      },
      {
        "text": "kolhapur",
        "intent": "restaurant_search",
        "entities": [
          {
            "start": 0,
            "end": 8,
            "value": "kolhapur",
            "entity": "location"
          }
        ]
      },
      {
        "text": "kollam",
        "intent": "restaurant_search",
        "entities": [
          {
            "start": 0,
            "end": 6,
            "value": "kollam",
            "entity": "location"
          }
        ]
      },
      {
        "text": "kota",
        "intent": "restaurant_search",
        "entities": [
          {
            "start": 0,
            "end": 4,
            "value": "kota",
            "entity": "location"
          }
        ]
      },
      {
        "text": "kozhikode",
        "intent": "restaurant_search",
        "entities": [
          {
            "start": 0,
            "end": 9,
            "value": "kozhikode",
            "entity": "location"
          }
        ]
      },
      {
        "text": "kurnool",
        "intent": "restaurant_search",
        "entities": [
          {
            "start": 0,
            "end": 7,
            "value": "kurnool",
            "entity": "location"
          }
        ]
      },
      {
        "text": "lucknow",
        "intent": "restaurant_search",
        "entities": [
          {
            "start": 0,
            "end": 7,
            "value": "lucknow",
            "entity": "location"
          }
        ]
      },
      {
        "text": "ludhiana",
        "intent": "restaurant_search",
        "entities": [
          {
            "start": 0,
            "end": 8,
            "value": "ludhiana",
            "entity": "location"
          }
        ]
      },
      {
        "text": "madurai",
        "intent": "restaurant_search",
        "entities": [
          {
            "start": 0,
            "end": 7,
            "value": "madurai",
            "entity": "location"
          }
        ]
      },
      {
        "text": "malappuram",
        "intent": "restaurant_search",
        "entities": [
          {
            "start": 0,
            "end": 10,
            "value": "malappuram",
            "entity": "location"
          }
        ]
      },
      {
        "text": "mathura",
        "intent": "restaurant_search",
        "entities": [
          {
            "start": 0,
            "end": 7,
            "value": "mathura",
            "entity": "location"
          }
        ]
      },
      {
        "text": "goa",
        "intent": "restaurant_search",
        "entities": [
          {
            "start": 0,
            "end": 3,
            "value": "goa",
            "entity": "location"
          }
        ]
      },
      {
        "text": "mangalore",
        "intent": "restaurant_search",
        "entities": [
          {
            "start": 0,
            "end": 9,
            "value": "mangalore",
            "entity": "location"
          }
        ]
      },
      {
        "text": "meerut",
        "intent": "restaurant_search",
        "entities": [
          {
            "start": 0,
            "end": 6,
            "value": "meerut",
            "entity": "location"
          }
        ]
      },
      {
        "text": "moradabad",
        "intent": "restaurant_search",
        "entities": [
          {
            "start": 0,
            "end": 9,
            "value": "moradabad",
            "entity": "location"
          }
        ]
      },
      {
        "text": "mysore",
        "intent": "restaurant_search",
        "entities": [
          {
            "start": 0,
            "end": 6,
            "value": "mysore",
            "entity": "location"
          }
        ]
      },
      {
        "text": "nagpur",
        "intent": "restaurant_search",
        "entities": [
          {
            "start": 0,
            "end": 6,
            "value": "nagpur",
            "entity": "location"
          }
        ]
      },
      {
        "text": "nanded",
        "intent": "restaurant_search",
        "entities": [
          {
            "start": 0,
            "end": 6,
            "value": "nanded",
            "entity": "location"
          }
        ]
      },
      {
        "text": "nashik",
        "intent": "restaurant_search",
        "entities": [
          {
            "start": 0,
            "end": 6,
            "value": "nashik",
            "entity": "location"
          }
        ]
      },
      {
        "text": "nellore",
        "intent": "restaurant_search",
        "entities": [
          {
            "start": 0,
            "end": 7,
            "value": "nellore",
            "entity": "location"
          }
        ]
      },
      {
        "text": "noida",
        "intent": "restaurant_search",
        "entities": [
          {
            "start": 0,
            "end": 5,
            "value": "noida",
            "entity": "location"
          }
        ]
      },
      {
        "text": "palakkad",
        "intent": "restaurant_search",
        "entities": [
          {
            "start": 0,
            "end": 8,
            "value": "palakkad",
            "entity": "location"
          }
        ]
      },
      {
        "text": "patna",
        "intent": "restaurant_search",
        "entities": [
          {
            "start": 0,
            "end": 5,
            "value": "patna",
            "entity": "location"
          }
        ]
      },
      {
        "text": "pondicherry",
        "intent": "restaurant_search",
        "entities": [
          {
            "start": 0,
            "end": 11,
            "value": "pondicherry",
            "entity": "location"
          }
        ]
      },
      {
        "text": "raipur",
        "intent": "restaurant_search",
        "entities": [
          {
            "start": 0,
            "end": 6,
            "value": "raipur",
            "entity": "location"
          }
        ]
      },
      {
        "text": "rajkot",
        "intent": "restaurant_search",
        "entities": [
          {
            "start": 0,
            "end": 6,
            "value": "rajkot",
            "entity": "location"
          }
        ]
      },
      {
        "text": "rajahmundry",
        "intent": "restaurant_search",
        "entities": [
          {
            "start": 0,
            "end": 11,
            "value": "rajahmundry",
            "entity": "location"
          }
        ]
      },
      {
        "text": "ranchi",
        "intent": "restaurant_search",
        "entities": [
          {
            "start": 0,
            "end": 6,
            "value": "ranchi",
            "entity": "location"
          }
        ]
      },
      {
        "text": "rourkela",
        "intent": "restaurant_search",
        "entities": [
          {
            "start": 0,
            "end": 8,
            "value": "rourkela",
            "entity": "location"
          }
        ]
      },
      {
        "text": "salem",
        "intent": "restaurant_search",
        "entities": [
          {
            "start": 0,
            "end": 5,
            "value": "salem",
            "entity": "location"
          }
        ]
      },
      {
        "text": "sangli",
        "intent": "restaurant_search",
        "entities": [
          {
            "start": 0,
            "end": 6,
            "value": "sangli",
            "entity": "location"
          }
        ]
      },
      {
        "text": "siliguri",
        "intent": "restaurant_search",
        "entities": [
          {
            "start": 0,
            "end": 8,
            "value": "siliguri",
            "entity": "location"
          }
        ]
      },
      {
        "text": "solapur",
        "intent": "restaurant_search",
        "entities": [
          {
            "start": 0,
            "end": 7,
            "value": "solapur",
            "entity": "location"
          }
        ]
      },
      {
        "text": "srinagar",
        "intent": "restaurant_search",
        "entities": [
          {
            "start": 0,
            "end": 8,
            "value": "srinagar",
            "entity": "location"
          }
        ]
      },
      {
        "text": "sultanpur",
        "intent": "restaurant_search",
        "entities": [
          {
            "start": 0,
            "end": 9,
            "value": "sultanpur",
            "entity": "location"
          }
        ]
      },
      {
        "text": "surat",
        "intent": "restaurant_search",
        "entities": [
          {
            "start": 0,
            "end": 5,
            "value": "surat",
            "entity": "location"
          }
        ]
      },
      {
        "text": "thiruvananthapuram",
        "intent": "restaurant_search",
        "entities": [
          {
            "start": 0,
            "end": 18,
            "value": "thiruvananthapuram",
            "entity": "location"
          }
        ]
      },
      {
        "text": "thrissur",
        "intent": "restaurant_search",
        "entities": [
          {
            "start": 0,
            "end": 8,
            "value": "thrissur",
            "entity": "location"
          }
        ]
      },
      {
        "text": "tiruchirappalli",
        "intent": "restaurant_search",
        "entities": [
          {
            "start": 0,
            "end": 15,
            "value": "tiruchirappalli",
            "entity": "location"
          }
        ]
      },
      {
        "text": "tirunelveli",
        "intent": "restaurant_search",
        "entities": [
          {
            "start": 0,
            "end": 11,
            "value": "tirunelveli",
            "entity": "location"
          }
        ]
      },
      {
        "text": "tiruppur",
        "intent": "restaurant_search",
        "entities": [
          {
            "start": 0,
            "end": 8,
            "value": "tiruppur",
            "entity": "location"
          }
        ]
      },
      {
        "text": "ujjain",
        "intent": "restaurant_search",
        "entities": [
          {
            "start": 0,
            "end": 6,
            "value": "ujjain",
            "entity": "location"
          }
        ]
      },
      {
        "text": "vijayapura",
        "intent": "restaurant_search",
        "entities": [
          {
            "start": 0,
            "end": 10,
            "value": "vijayapura",
            "entity": "location"
          }
        ]
      },
      {
        "text": "vadodara",
        "intent": "restaurant_search",
        "entities": [
          {
            "start": 0,
            "end": 8,
            "value": "vadodara",
            "entity": "location"
          }
        ]
      },
      {
        "text": "varanasi",
        "intent": "restaurant_search",
        "entities": [
          {
            "start": 0,
            "end": 8,
            "value": "varanasi",
            "entity": "location"
          }
        ]
      },
      {
        "text": "vasai-virar city",
        "intent": "restaurant_search",
        "entities": [
          {
            "start": 0,
            "end": 16,
            "value": "vasai-virar city",
            "entity": "location"
          }
        ]
      },
      {
        "text": "vijayawada",
        "intent": "restaurant_search",
        "entities": [
          {
            "start": 0,
            "end": 10,
            "value": "vijayawada",
            "entity": "location"
          }
        ]
      },
      {
        "text": "visakhapatnam",
        "intent": "restaurant_search",
        "entities": [
          {
            "start": 0,
            "end": 13,
            "value": "visakhapatnam",
            "entity": "location"
          }
        ]
      },
      {
        "text": "warangal",
        "intent": "restaurant_search",
        "entities": [
          {
            "start": 0,
            "end": 8,
            "value": "warangal",
            "entity": "location"
          }
        ]
      },
      {
        "text": "<300",
        "intent": "restaurant_search",
        "entities": [
          {
            "start": 0,
            "end": 4,
            "value": "<300",
            "entity": "budget"
          }
        ]
      },
      {
        "text": ">300",
        "intent": "restaurant_search",
        "entities": [
          {
            "start": 0,
            "end": 4,
            "value": ">300",
            "entity": "budget"
          }
        ]
      },
      {
        "text": "<700",
        "intent": "restaurant_search",
        "entities": [
          {
            "start": 0,
            "end": 4,
            "value": "<700",
            "entity": "budget"
          }
        ]
      },
      {
        "text": ">700",
        "intent": "restaurant_search",
        "entities": [
          {
            "start": 0,
            "end": 4,
            "value": ">700",
            "entity": "budget"
          }
        ]
      },
      {
        "text": "chinese",
        "intent": "restaurant_search",
        "entities": [
          {
            "start": 0,
            "end": 7,
            "value": "chinese",
            "entity": "cuisine"
          }
        ]
      },
      {
        "text": "mexican",
        "intent": "restaurant_search",
        "entities": [
          {
            "start": 0,
            "end": 7,
            "value": "mexican",
            "entity": "cuisine"
          }
        ]
      },
      {
        "text": "italian",
        "intent": "restaurant_search",
        "entities": [
          {
            "start": 0,
            "end": 7,
            "value": "italian",
            "entity": "cuisine"
          }
        ]
      },
      {
        "text": "american",
        "intent": "restaurant_search",
        "entities": [
          {
            "start": 0,
            "end": 8,
            "value": "american",
            "entity": "cuisine"
          }
        ]
      },
      {
        "text": "south",
        "intent": "restaurant_search",
        "entities": [
          {
            "start": 0,
            "end": 5,
            "value": "south",
            "entity": "cuisine"
          }
        ]
      },
      {
        "text": "south indian",
        "intent": "restaurant_search",
        "entities": [
          {
            "start": 0,
            "end": 12,
            "value": "south indian",
            "entity": "cuisine"
          }
        ]
      },
      {
        "text": "north",
        "intent": "restaurant_search",
        "entities": [
          {
            "start": 0,
            "end": 5,
            "value": "north",
            "entity": "cuisine"
          }
        ]
      },
      {
        "text": "north indian",
        "intent": "restaurant_search",
        "entities": [
          {
            "start": 0,
            "end": 12,
            "value": "north indian",
            "entity": "cuisine"
          }
        ]
      }
    ]
  }
}